-- Customers 데이터 삽입
INSERT INTO customers (customer_id, company_name, company_type, region, reg_date, industry_type, country, company_size) VALUES
(1001, '현대자동차', '완성차', '서울', '2024-01-15', '자동차 제조', '대한민국', '대기업'),
(1002, '기아자동차', '완성차', '경기', '2024-02-20', '자동차 제조', '대한민국', '대기업'),
(1003, '롯데렌터카', '렌터카', '서울', '2024-03-10', '렌터카 서비스', '대한민국', '중견기업'),
(1004, 'SK네트웍스', '유통', '서울', '2024-01-25', '자동차 유통', '대한민국', '대기업'),
(1005, '오토큐', '정비소', '부산', '2024-04-05', '자동차 정비', '대한민국', '중소기업'),
(1006, '쏘카', '렌터카', '서울', '2024-02-14', '카셰어링', '대한민국', '중견기업'),
(1007, '한국GM', '완성차', '인천', '2024-01-30', '자동차 제조', '대한민국', '대기업'),
(1008, '카닥', '정비소', '서울', '2024-03-20', '자동차 정비', '대한민국', '중소기업'),
(1009, '하나로카', '유통', '대구', '2024-02-28', '자동차 유통', '대한민국', '중견기업'),
(1010, '그린카', '렌터카', '서울', '2024-04-12', '카셰어링', '대한민국', '중견기업');

-- Contacts 데이터 삽입
INSERT INTO contacts (customer_id, name, email, position, department, phone, contact_date) VALUES
(1001, '김철수', 'kim@company.com', '부장', '영업부', '010-1234-5678', '2025-05-25'),
(1002, '이영희', 'lee@company.com', '과장', '마케팅부', '010-2345-6789', '2025-06-02'),
(1003, '박민수', 'park@company.com', '팀장', '개발부', '010-3456-7890', '2025-05-17'),
(1004, '최지은', 'choi@company.com', '대리', '인사부', '010-4567-8901', '2025-06-06'),
(1005, '정우진', 'jung@company.com', '차장', '재무부', '010-5678-9012', '2025-04-25'),
(1006, '한소영', 'han@company.com', '사원', '기획부', '010-6789-0123', '2025-05-28'),
(1007, '임동혁', 'lim@company.com', '사원', '영업부', '010-7890-1234', '2025-06-01'),
(1008, '송미라', 'song@company.com', '팀장', '고객서비스부', '010-8901-2345', '2025-05-09'),
(1009, '강태호', 'kang@company.com', '선임', '개발부', '010-9012-3456', '2025-05-21'),
(1010, '윤서연', 'yoon@company.com', '주임', '마케팅부', '010-0123-4567', '2025-06-03');

-- Orders 데이터 삽입
INSERT INTO orders (order_id, contact_id, product_id, order_date, quantity, amount, cost, margin_rate, payment_status, delivery_status) VALUES
(2001, 1001, 'PRD-001', '2025-03-15', 5, 250000.0, 200000.0, 0.2, '결제완료', '배송완료'),
(2002, 1002, 'PRD-002', '2025-04-20', 3, 150000.0, 120000.0, 0.2, '결제완료', '미배송'),
(2003, 1003, 'PRD-003', '2025-04-25', 10, 500000.0, 400000.0, 0.2, '미결제', '미배송'),
(2004, 1004, 'PRD-004', '2025-05-01', 2, 80000.0, 64000.0, 0.2, '결제완료', '배송완료'),
(2005, 1005, 'PRD-005', '2025-05-05', 7, 350000.0, 280000.0, 0.2, '결제완료', '배송완료'),
(2006, 1006, 'PRD-006', '2025-05-10', 4, 200000.0, 160000.0, 0.2, '미결제', '미배송'),
(2007, 1007, 'PRD-007', '2025-05-15', 6, 300000.0, 240000.0, 0.2, '결제완료', '배송완료'),
(2008, 1008, 'PRD-008', '2025-05-20', 8, 400000.0, 320000.0, 0.2, '결제완료', '미배송'),
(2009, 1009, 'PRD-009', '2025-05-25', 1, 50000.0, 40000.0, 0.2, '미결제', '미배송'),
(2010, 1010, 'PRD-010', '2025-06-01', 12, 600000.0, 480000.0, 0.2, '결제완료', '배송완료');

-- OrdersX 데이터 삽입 (확장된 주문 데이터)
INSERT INTO ordersx (order_id, contact_id, product_id, order_date, quantity, amount, cost, margin_rate, payment_status, delivery_status, costt, revenue) VALUES
(3001, 1001, 'PRD-001', '2025-03-15', 5, 250000.0, 200000.0, 0.2, '결제완료', '배송완료', 180000.0, 270000.0),
(3002, 1002, 'PRD-002', '2025-04-20', 3, 150000.0, 120000.0, 0.2, '결제완료', '미배송', 110000.0, 160000.0),
(3003, 1003, 'PRD-003', '2025-04-25', 10, 500000.0, 400000.0, 0.2, '미결제', '미배송', 380000.0, 520000.0),
(3004, 1004, 'PRD-004', '2025-05-01', 2, 80000.0, 64000.0, 0.2, '결제완료', '배송완료', 60000.0, 85000.0),
(3005, 1005, 'PRD-005', '2025-05-05', 7, 350000.0, 280000.0, 0.2, '결제완료', '배송완료', 260000.0, 370000.0),
(3006, 1006, 'PRD-006', '2025-05-10', 4, 200000.0, 160000.0, 0.2, '미결제', '미배송', 150000.0, 210000.0),
(3007, 1007, 'PRD-007', '2025-05-15', 6, 300000.0, 240000.0, 0.2, '결제완료', '배송완료', 220000.0, 320000.0),
(3008, 1008, 'PRD-008', '2025-05-20', 8, 400000.0, 320000.0, 0.2, '결제완료', '미배송', 300000.0, 420000.0),
(3009, 1009, 'PRD-009', '2025-05-25', 1, 50000.0, 40000.0, 0.2, '미결제', '미배송', 38000.0, 52000.0),
(3010, 1010, 'PRD-010', '2025-06-01', 12, 600000.0, 480000.0, 0.2, '결제완료', '배송완료', 450000.0, 630000.0);

-- Issues 데이터 삽입
INSERT INTO issues (issue_id, order_id, issue_date, issue_type, severity, description, resolved_date, status) VALUES
(3001, 2001, '2025-03-20', '배송 지연', 'Medium', '고객이 배송 지연에 대해 문의했습니다.', '2025-03-22', '해결됨'),
(3002, 2002, '2025-04-25', '제품 불량', 'High', '제품에 결함이 발견되어 교환 요청이 들어왔습니다.', NULL, '처리중'),
(3003, 2003, '2025-05-01', '결제 문제', 'High', '결제 처리 중 오류가 발생했습니다.', NULL, '미해결'),
(3004, 2004, '2025-05-05', '고객 문의', 'Low', '제품 사용법에 대한 문의입니다.', '2025-05-05', '해결됨'),
(3005, 2005, '2025-05-10', '배송 주소 변경', 'Medium', '고객이 배송 주소 변경을 요청했습니다.', '2025-05-11', '해결됨'),
(3006, 2006, '2025-05-15', '환불 요청', 'High', '고객이 제품 환불을 요청했습니다.', NULL, '처리중'),
(3007, 2007, '2025-05-20', '포장 문제', 'Low', '제품 포장이 손상된 상태로 배송되었습니다.', '2025-05-21', '해결됨'),
(3008, 2008, '2025-05-25', '수량 오류', 'Medium', '주문한 수량과 다른 수량이 배송되었습니다.', NULL, '처리중');

-- Customer Order Forecast 데이터 삽입
INSERT INTO customer_order_forecast (cof_id, customer_id, predicted_date, predicted_quantity, mape, prediction_model, forecast_generation_datetime) VALUES
(1, 1001, '2025-05-01', 150, 0.085, 'ARIMA', '2025-04-01 10:00:00'),
(2, 1001, '2025-06-01', 165, 0.085, 'ARIMA', '2025-04-01 10:00:00'),
(3, 1001, '2025-07-01', 180, 0.085, 'ARIMA', '2025-04-01 10:00:00'),
(4, 1001, '2025-08-01', 195, 0.085, 'ARIMA', '2025-04-01 10:00:00'),
(5, 1001, '2025-09-01', 210, 0.085, 'ARIMA', '2025-04-01 10:00:00'),
(6, 1001, '2025-10-01', 225, 0.085, 'ARIMA', '2025-04-01 10:00:00'),
(7, 1002, '2025-05-01', 120, 0.092, 'LSTM', '2025-04-01 10:00:00'),
(8, 1002, '2025-06-01', 135, 0.092, 'LSTM', '2025-04-01 10:00:00'),
(9, 1002, '2025-07-01', 145, 0.092, 'LSTM', '2025-04-01 10:00:00'),
(10, 1002, '2025-08-01', 160, 0.092, 'LSTM', '2025-04-01 10:00:00'),
(11, 1002, '2025-09-01', 175, 0.092, 'LSTM', '2025-04-01 10:00:00'),
(12, 1002, '2025-10-01', 190, 0.092, 'LSTM', '2025-04-01 10:00:00');
